<?xml version="1.0" encoding="UTF-8" standalone="no"?>
<launchHistory>
    <launchGroup id="org.eclipse.debug.ui.launchGroup.debug">
        <mruHistory>
            <launch memento="&lt;?xml version=&quot;1.0&quot; encoding=&quot;UTF-8&quot; standalone=&quot;no&quot;?&gt;&#13;&#10;&lt;launchConfiguration local=&quot;true&quot; path=&quot;_hello.do&quot;/&gt;&#13;&#10;"/>
            <launch memento="&lt;?xml version=&quot;1.0&quot; encoding=&quot;UTF-8&quot; standalone=&quot;no&quot;?&gt;&#13;&#10;&lt;launchConfiguration local=&quot;true&quot; path=&quot;Tomcat v9.0 Server at localhost&quot;/&gt;&#13;&#10;"/>
            <launch memento="&lt;?xml version=&quot;1.0&quot; encoding=&quot;UTF-8&quot; standalone=&quot;no&quot;?&gt;&#13;&#10;&lt;launchConfiguration local=&quot;true&quot; path=&quot;_hello.do (1)&quot;/&gt;&#13;&#10;"/>
            <launch memento="&lt;?xml version=&quot;1.0&quot; encoding=&quot;UTF-8&quot; standalone=&quot;no&quot;?&gt;&#13;&#10;&lt;launchConfiguration local=&quot;true&quot; path=&quot;Ex05&quot;/&gt;&#13;&#10;"/>
            <launch memento="&lt;?xml version=&quot;1.0&quot; encoding=&quot;UTF-8&quot; standalone=&quot;no&quot;?&gt;&#13;&#10;&lt;launchConfiguration local=&quot;true&quot; path=&quot;Ex04&quot;/&gt;&#13;&#10;"/>
            <launch memento="&lt;?xml version=&quot;1.0&quot; encoding=&quot;UTF-8&quot; standalone=&quot;no&quot;?&gt;&#13;&#10;&lt;launchConfiguration local=&quot;true&quot; path=&quot;Ex02&quot;/&gt;&#13;&#10;"/>
            <launch memento="&lt;?xml version=&quot;1.0&quot; encoding=&quot;UTF-8&quot; standalone=&quot;no&quot;?&gt;&#13;&#10;&lt;launchConfiguration local=&quot;true&quot; path=&quot;Ex01 (1)&quot;/&gt;&#13;&#10;"/>
            <launch memento="&lt;?xml version=&quot;1.0&quot; encoding=&quot;UTF-8&quot; standalone=&quot;no&quot;?&gt;&#13;&#10;&lt;launchConfiguration local=&quot;true&quot; path=&quot;Ex06_CallableStatement&quot;/&gt;&#13;&#10;"/>
            <launch memento="&lt;?xml version=&quot;1.0&quot; encoding=&quot;UTF-8&quot; standalone=&quot;no&quot;?&gt;&#13;&#10;&lt;launchConfiguration local=&quot;true&quot; path=&quot;Ex05_PreparedStatement&quot;/&gt;&#13;&#10;"/>
            <launch memento="&lt;?xml version=&quot;1.0&quot; encoding=&quot;UTF-8&quot; standalone=&quot;no&quot;?&gt;&#13;&#10;&lt;launchConfiguration local=&quot;true&quot; path=&quot;Ex04_Select&quot;/&gt;&#13;&#10;"/>
        </mruHistory>
        <favorites/>
    </launchGroup>
    <launchGroup id="org.eclipse.debug.ui.launchGroup.profile">
        <mruHistory>
            <launch memento="&lt;?xml version=&quot;1.0&quot; encoding=&quot;UTF-8&quot; standalone=&quot;no&quot;?&gt;&#13;&#10;&lt;launchConfiguration local=&quot;true&quot; path=&quot;_hello.do&quot;/&gt;&#13;&#10;"/>
            <launch memento="&lt;?xml version=&quot;1.0&quot; encoding=&quot;UTF-8&quot; standalone=&quot;no&quot;?&gt;&#13;&#10;&lt;launchConfiguration local=&quot;true&quot; path=&quot;Tomcat v9.0 Server at localhost&quot;/&gt;&#13;&#10;"/>
            <launch memento="&lt;?xml version=&quot;1.0&quot; encoding=&quot;UTF-8&quot; standalone=&quot;no&quot;?&gt;&#13;&#10;&lt;launchConfiguration local=&quot;true&quot; path=&quot;_hello.do (1)&quot;/&gt;&#13;&#10;"/>
        </mruHistory>
        <favorites/>
    </launchGroup>
    <launchGroup id="org.eclipse.eclemma.ui.launchGroup.coverage">
        <mruHistory>
            <launch memento="&lt;?xml version=&quot;1.0&quot; encoding=&quot;UTF-8&quot; standalone=&quot;no&quot;?&gt;&#13;&#10;&lt;launchConfiguration local=&quot;true&quot; path=&quot;Ex05&quot;/&gt;&#13;&#10;"/>
            <launch memento="&lt;?xml version=&quot;1.0&quot; encoding=&quot;UTF-8&quot; standalone=&quot;no&quot;?&gt;&#13;&#10;&lt;launchConfiguration local=&quot;true&quot; path=&quot;Ex04&quot;/&gt;&#13;&#10;"/>
            <launch memento="&lt;?xml version=&quot;1.0&quot; encoding=&quot;UTF-8&quot; standalone=&quot;no&quot;?&gt;&#13;&#10;&lt;launchConfiguration local=&quot;true&quot; path=&quot;Ex02&quot;/&gt;&#13;&#10;"/>
            <launch memento="&lt;?xml version=&quot;1.0&quot; encoding=&quot;UTF-8&quot; standalone=&quot;no&quot;?&gt;&#13;&#10;&lt;launchConfiguration local=&quot;true&quot; path=&quot;Ex01 (1)&quot;/&gt;&#13;&#10;"/>
            <launch memento="&lt;?xml version=&quot;1.0&quot; encoding=&quot;UTF-8&quot; standalone=&quot;no&quot;?&gt;&#13;&#10;&lt;launchConfiguration local=&quot;true&quot; path=&quot;Ex06_CallableStatement&quot;/&gt;&#13;&#10;"/>
            <launch memento="&lt;?xml version=&quot;1.0&quot; encoding=&quot;UTF-8&quot; standalone=&quot;no&quot;?&gt;&#13;&#10;&lt;launchConfiguration local=&quot;true&quot; path=&quot;Ex05_PreparedStatement&quot;/&gt;&#13;&#10;"/>
            <launch memento="&lt;?xml version=&quot;1.0&quot; encoding=&quot;UTF-8&quot; standalone=&quot;no&quot;?&gt;&#13;&#10;&lt;launchConfiguration local=&quot;true&quot; path=&quot;Ex04_Select&quot;/&gt;&#13;&#10;"/>
            <launch memento="&lt;?xml version=&quot;1.0&quot; encoding=&quot;UTF-8&quot; standalone=&quot;no&quot;?&gt;&#13;&#10;&lt;launchConfiguration local=&quot;true&quot; path=&quot;Ex01&quot;/&gt;&#13;&#10;"/>
            <launch memento="&lt;?xml version=&quot;1.0&quot; encoding=&quot;UTF-8&quot; standalone=&quot;no&quot;?&gt;&#13;&#10;&lt;launchConfiguration local=&quot;true&quot; path=&quot;Ex03_Statement&quot;/&gt;&#13;&#10;"/>
            <launch memento="&lt;?xml version=&quot;1.0&quot; encoding=&quot;UTF-8&quot; standalone=&quot;no&quot;?&gt;&#13;&#10;&lt;launchConfiguration local=&quot;true&quot; path=&quot;EX02&quot;/&gt;&#13;&#10;"/>
        </mruHistory>
        <favorites/>
    </launchGroup>
    <launchGroup id="org.eclipse.ui.externaltools.launchGroup">
        <mruHistory/>
        <favorites/>
    </launchGroup>
    <launchGroup id="org.eclipse.debug.ui.launchGroup.run">
        <mruHistory>
            <launch memento="&lt;?xml version=&quot;1.0&quot; encoding=&quot;UTF-8&quot; standalone=&quot;no&quot;?&gt;&#13;&#10;&lt;launchConfiguration local=&quot;true&quot; path=&quot;_hello.do&quot;/&gt;&#13;&#10;"/>
            <launch memento="&lt;?xml version=&quot;1.0&quot; encoding=&quot;UTF-8&quot; standalone=&quot;no&quot;?&gt;&#13;&#10;&lt;launchConfiguration local=&quot;true&quot; path=&quot;Tomcat v9.0 Server at localhost&quot;/&gt;&#13;&#10;"/>
            <launch memento="&lt;?xml version=&quot;1.0&quot; encoding=&quot;UTF-8&quot; standalone=&quot;no&quot;?&gt;&#13;&#10;&lt;launchConfiguration local=&quot;true&quot; path=&quot;_hello.do (1)&quot;/&gt;&#13;&#10;"/>
            <launch memento="&lt;?xml version=&quot;1.0&quot; encoding=&quot;UTF-8&quot; standalone=&quot;no&quot;?&gt;&#13;&#10;&lt;launchConfiguration local=&quot;true&quot; path=&quot;Ex05&quot;/&gt;&#13;&#10;"/>
            <launch memento="&lt;?xml version=&quot;1.0&quot; encoding=&quot;UTF-8&quot; standalone=&quot;no&quot;?&gt;&#13;&#10;&lt;launchConfiguration local=&quot;true&quot; path=&quot;Ex04&quot;/&gt;&#13;&#10;"/>
            <launch memento="&lt;?xml version=&quot;1.0&quot; encoding=&quot;UTF-8&quot; standalone=&quot;no&quot;?&gt;&#13;&#10;&lt;launchConfiguration local=&quot;true&quot; path=&quot;Ex02&quot;/&gt;&#13;&#10;"/>
            <launch memento="&lt;?xml version=&quot;1.0&quot; encoding=&quot;UTF-8&quot; standalone=&quot;no&quot;?&gt;&#13;&#10;&lt;launchConfiguration local=&quot;true&quot; path=&quot;Ex01 (1)&quot;/&gt;&#13;&#10;"/>
            <launch memento="&lt;?xml version=&quot;1.0&quot; encoding=&quot;UTF-8&quot; standalone=&quot;no&quot;?&gt;&#13;&#10;&lt;launchConfiguration local=&quot;true&quot; path=&quot;Ex06_CallableStatement&quot;/&gt;&#13;&#10;"/>
            <launch memento="&lt;?xml version=&quot;1.0&quot; encoding=&quot;UTF-8&quot; standalone=&quot;no&quot;?&gt;&#13;&#10;&lt;launchConfiguration local=&quot;true&quot; path=&quot;Ex05_PreparedStatement&quot;/&gt;&#13;&#10;"/>
            <launch memento="&lt;?xml version=&quot;1.0&quot; encoding=&quot;UTF-8&quot; standalone=&quot;no&quot;?&gt;&#13;&#10;&lt;launchConfiguration local=&quot;true&quot; path=&quot;Ex04_Select&quot;/&gt;&#13;&#10;"/>
        </mruHistory>
        <favorites/>
    </launchGroup>
</launchHistory>
