<?xml version="1.0" encoding="UTF-8"?>
<section name="Workbench">
	<section name="org.eclipse.equinox.internal.p2.ui.dialogs.UpdateWizard.WizardSettings">
		<item key="DIALOG_X_ORIGIN" value="261"/>
		<item key="DIALOG_Y_ORIGIN" value="143"/>
		<item key="DIALOG_WIDTH" value="883"/>
		<item key="DIALOG_HEIGHT" value="565"/>
		<item key="DIALOG_FONT_NAME" value="1|맑은 고딕|9.75|0|WINDOWS|1|-13|0|0|0|400|0|0|0|0|3|2|1|50|맑은 고딕"/>
	</section>
	<section name="org.eclipse.equinox.internal.p2.ui.dialogs.UpdateWizard.SelectableIUsPage">
		<item key="NameColumnWidth" value="360"/>
		<item key="VersionColumnWidth" value="120"/>
		<item key="IDColumnWidth" value="240"/>
		<item key="ListSashWeight" value="800"/>
		<item key="DetailsSashWeight" value="200"/>
	</section>
	<section name="org.eclipse.equinox.internal.p2.ui.dialogs.UpdateWizard.ResolutionResultsPage">
		<item key="NameColumnWidth" value="400"/>
		<item key="VersionColumnWidth" value="200"/>
		<item key="IDColumnWidth" value="200"/>
		<item key="ListSashWeight" value="800"/>
		<item key="DetailsSashWeight" value="200"/>
	</section>
</section>
