<?xml version="1.0" encoding="UTF-8"?>
<section name="Workbench">
	<section name="ShowViewDialog">
		<item key="ShowViewDialog.STORE_SELECTED_VIEW_ID" value="org.eclipse.egit.ui.RepositoriesView"/>
		<item key="DIALOG_X_ORIGIN" value="459"/>
		<item key="DIALOG_Y_ORIGIN" value="218"/>
		<item key="DIALOG_WIDTH" value="357"/>
		<item key="DIALOG_HEIGHT" value="452"/>
		<item key="DIALOG_FONT_NAME" value="1|맑은 고딕|9.75|0|WINDOWS|1|-13|0|0|0|400|0|0|0|0|3|2|1|50|맑은 고딕"/>
		<list key="ShowViewDialog.STORE_EXPANDED_CATEGORIES_ID">
			<item value="Git"/>
		</list>
	</section>
</section>
