<?xml version="1.0" encoding="UTF-8"?>
<section name="Workbench">
	<section name="ImportExportAction">
		<item key="ImportExportPage.STORE_SELECTED_IMPORT_WIZARD_ID" value="org.eclipse.e4.ui.importer.wizard"/>
		<list key="ImportExportPage.STORE_EXPANDED_IMPORT_CATEGORIES">
			<item value="org.eclipse.ui.Basic"/>
		</list>
		<section name="ImportExportWizard.dialogBounds">
		</section>
	</section>
	<section name="PreferencesImportWizard">
		<item key="" value="C:\class\code\java\이클립스.epf"/>
		<list key="WizardPreferencesExportPage1.STORE_DESTINATION_NAMES_ID">
			<item value="C:\class\code\java\이클립스.epf"/>
		</list>
		<section name="PreferencesImportWizard.dialogBounds">
			<item key="DIALOG_X_ORIGIN" value="706"/>
			<item key="DIALOG_Y_ORIGIN" value="187"/>
			<item key="DIALOG_WIDTH" value="525"/>
			<item key="DIALOG_HEIGHT" value="565"/>
			<item key="DIALOG_FONT_NAME" value="1|맑은 고딕|9.75|0|WINDOWS|1|-13|0|0|0|400|0|0|0|0|3|2|1|50|맑은 고딕"/>
		</section>
	</section>
	<section name="NewWizardAction">
		<item key="NewWizardSelectionPage.STORE_SELECTED_ID" value="org.eclipse.jdt.ui.wizards.NewClassCreationWizard"/>
		<list key="NewWizardSelectionPage.STORE_EXPANDED_CATEGORIES_ID">
			<item value="org.eclipse.ui.Basic"/>
			<item value="org.eclipse.emf.codegen.ecore.ui.wizardCategory"/>
			<item value="org.eclipse.jst.ejb.ui"/>
			<item value="org.eclipse.jdt.ui.java"/>
			<item value="org.eclipse.jpt.jpa"/>
			<item value="org.eclipse.jpt.jpa/org.eclipse.jpt.jpa.eclipselink"/>
			<item value="org.eclipse.pde.PDE"/>
			<item value="org.eclipse.wst.server.ui"/>
			<item value="org.eclipse.wst.web.ui"/>
			<item value="org.eclipse.wst.XMLCategory"/>
		</list>
		<section name="NewWizard.dialogBounds">
			<item key="DIALOG_X_ORIGIN" value="706"/>
			<item key="DIALOG_Y_ORIGIN" value="215"/>
			<item key="DIALOG_WIDTH" value="525"/>
			<item key="DIALOG_HEIGHT" value="500"/>
			<item key="DIALOG_FONT_NAME" value="1|맑은 고딕|9.75|0|WINDOWS|1|-13|0|0|0|400|0|0|0|0|3|2|1|50|맑은 고딕"/>
		</section>
	</section>
	<section name="WorkbenchPreferenceDialog.dialogBounds">
		<item key="DIALOG_X_ORIGIN" value="99"/>
		<item key="DIALOG_Y_ORIGIN" value="0"/>
		<item key="DIALOG_WIDTH" value="1004"/>
		<item key="DIALOG_HEIGHT" value="1032"/>
		<item key="DIALOG_FONT_NAME" value="1|맑은 고딕|9.75|0|WINDOWS|1|-13|0|0|0|400|0|0|0|0|3|2|1|50|맑은 고딕"/>
	</section>
	<section name="org.eclipse.ui.preferences.keysPreferencePage">
		<item key="actionSetFilter" value="true"/>
		<item key="internalFilter" value="true"/>
		<item key="uncategorizedFilter" value="true"/>
	</section>
	<section name="org.eclipse.ui.internal.QuickAccess">
		<item key="org.eclipse.ui.internal.quickaccess.QuickAccessDialogDIALOG_WIDTH" value="450"/>
		<item key="org.eclipse.ui.internal.quickaccess.QuickAccessDialogDIALOG_HEIGHT" value="574"/>
		<item key="org.eclipse.ui.internal.quickaccess.QuickAccessDialogDIALOG_USE_PERSISTED_SIZE" value="true"/>
		<item key="org.eclipse.ui.internal.quickaccess.QuickAccessDialogDIALOG_USE_PERSISTED_LOCATION" value="false"/>
		<list key="orderedElements">
		</list>
		<list key="orderedProviders">
		</list>
		<list key="textEntries">
		</list>
		<list key="textArray">
		</list>
	</section>
</section>
