<?xml version="1.0" encoding="UTF-8"?>
<section name="Workbench">
	<section name="ExternalProjectImportWizard">
		<item key="WizardProjectsImportPage.STORE_NESTED_PROJECTS" value="false"/>
		<item key="WizardProjectsImportPage.STORE_COPY_PROJECT_ID" value="false"/>
		<item key="WizardProjectsImportPage.STORE_ARCHIVE_SELECTED" value="false"/>
		<item key="WizardProjectsImportPage.STORE_CLOSE_CREATED_PROJECTS_ID" value="false"/>
		<item key="WizardProjectsImportPage.STORE_HIDE_CONFLICTING_PROJECTS_ID" value="false"/>
		<list key="WizardProjectsImportPage.STORE_DIRECTORIES">
			<item value="C:\class\code\server"/>
		</list>
		<list key="WizardProjectsImportPage.STORE_ARCHIVES">
			<item value=""/>
		</list>
		<section name="ExternalProjectImportWizard.dialogBounds">
			<item key="DIALOG_X_ORIGIN" value="706"/>
			<item key="DIALOG_Y_ORIGIN" value="187"/>
			<item key="DIALOG_WIDTH" value="525"/>
			<item key="DIALOG_HEIGHT" value="710"/>
			<item key="DIALOG_FONT_NAME" value="1|맑은 고딕|9.0|0|WINDOWS|1|-12|0|0|0|400|0|0|0|1|0|0|0|0|맑은 고딕"/>
		</section>
	</section>
</section>
