<?xml version="1.0" encoding="UTF-8"?>
<section name="Workbench">
	<section name="SmartImportWizard">
		<item key="SmartImportRootWizardPage.STORE_HIDE_ALREADY_OPEN" value="false"/>
		<item key="SmartImportRootWizardPage.STORE_CLOSE_IMPORTED" value="false"/>
		<item key="SmartImportRootWizardPage.STORE_NESTED_PROJECTS" value="true"/>
		<item key="SmartImportRootWizardPage.STORE_CONFIGURE_NATURES" value="true"/>
		<list key="org.eclipse.ui.internal.wizards.datatransfer.SmartImportRootWizardPage.knownSources">
			<item value="C:\class\code\server"/>
		</list>
		<section name="SmartImportWizard.dialogBounds">
			<item key="DIALOG_X_ORIGIN" value="706"/>
			<item key="DIALOG_Y_ORIGIN" value="177"/>
			<item key="DIALOG_WIDTH" value="888"/>
			<item key="DIALOG_HEIGHT" value="644"/>
			<item key="DIALOG_FONT_NAME" value="1|맑은 고딕|9.75|0|WINDOWS|1|-13|0|0|0|400|0|0|0|0|3|2|1|50|맑은 고딕"/>
		</section>
	</section>
	<section name="CleanDialogSettings">
		<item key="TOGGLE_SELECTED" value="false"/>
		<item key="DIALOG_WIDTH" value="500"/>
		<item key="DIALOG_HEIGHT" value="402"/>
		<item key="DIALOG_FONT_NAME" value="1|맑은 고딕|9.75|0|WINDOWS|1|-13|0|0|0|400|0|0|0|0|3|2|1|50|맑은 고딕"/>
		<item key="BUILD_NOW" value="true"/>
		<item key="BUILD_ALL" value="true"/>
	</section>
	<section name="NewWizardAction">
		<item key="NewWizardSelectionPage.STORE_SELECTED_ID" value="org.eclipse.jdt.ui.wizards.JavaProjectWizard"/>
		<list key="NewWizardSelectionPage.STORE_EXPANDED_CATEGORIES_ID">
		</list>
		<section name="NewWizard.dialogBounds">
		</section>
	</section>
</section>
