<?xml version="1.0" encoding="UTF-8"?>
<section name="Workbench">
	<item key="hasShownOverlayPopupBefore" value="true"/>
	<section name="org.eclipse.jst.jsp.ui.internal.preferences.ui.JSPTemplatePreferencePage$JSPEditTemplateDialog_dialogBounds">
		<item key="DIALOG_X_ORIGIN" value="-280"/>
		<item key="DIALOG_Y_ORIGIN" value="-8"/>
		<item key="DIALOG_WIDTH" value="1936"/>
		<item key="DIALOG_HEIGHT" value="1048"/>
		<item key="DIALOG_FONT_NAME" value="1|맑은 고딕|9.75|0|WINDOWS|1|-13|0|0|0|400|0|0|0|0|3|2|1|50|맑은 고딕"/>
	</section>
	<section name="java.lang.Class">
		<item key="replaceBarOpen" value="false"/>
		<list key="findhistory">
		</list>
	</section>
</section>
