<?xml version="1.0" encoding="UTF-8" standalone="no"?>
<libraryInfos>
    <libraryInfo home="C:\class\code\dev\eclpse\eclipse\plugins\org.eclipse.justj.openjdk.hotspot.jre.full.win32.x86_64_21.0.5.v20241023-1957" version="21.0.5">
        <bootpath>
            <entry path="null"/>
        </bootpath>
        <extensionDirs>
            <entry path="null"/>
        </extensionDirs>
        <endorsedDirs>
            <entry path="null"/>
        </endorsedDirs>
    </libraryInfo>
    <libraryInfo home="C:\Program Files\Java\jdk-21" version="21.0.6"/>
    <libraryInfo home="C:\class\code\dev\eclpse\eclipse\plugins\org.eclipse.justj.openjdk.hotspot.jre.full.win32.x86_64_21.0.5.v20241023-1957\jre" version="21.0.5"/>
</libraryInfos>
