<?xml version="1.0" encoding="UTF-8"?>
<section name="Workbench">
	<item key="org.eclipse.jdt.ui.last.selected.jre.kind2" value="2"/>
	<item key="org.eclipse.jdt.ui.last.selected.execution.enviroment" value="JavaSE-21"/>
	<item key="org.eclipse.jdt.ui.last.selected.create.moduleinfo.comments" value="false"/>
	<item key="org.eclipse.jdt.ui.last.selected.create.moduleinfo" value="false"/>
	<item key="org.eclipse.jdt.ui.lastextjar" value="C:\class\dev"/>
	<item key="org.eclipse.jdt.ui.codeformatter.line_wrapping_tab_page.preview_line_width" value="40"/>
	<item key="org.eclipse.jdt.uiformatter_page.last_focus_index" value="427"/>
	<item key="org.eclipse.jdt.uiformatter_pagemodify_dialog.preferred_width" value="1317"/>
	<item key="org.eclipse.jdt.uiformatter_pagemodify_dialog.preferred_height" value="760"/>
	<item key="org.eclipse.jdt.uiformatter_pagemodify_dialog.preferred_x" value="0"/>
	<item key="org.eclipse.jdt.uiformatter_pagemodify_dialog.preferred_y" value="10"/>
	<item key="org.eclipse.jdt.uiformatter_pagemodify_dialog.sash_form_left_width" value="575"/>
	<item key="org.eclipse.jdt.uiformatter_pagemodify_dialog.sash_form_rigth_width" value="701"/>
	<item key="org.eclipse.jdt.uiformatter_page.preference_tree_expansion" value="00.0..0.0.000.0.0.0.0.0.0.0.0.0.0..00.0.0.0.0.0.0.0.0.0.0..00.0.0.0.0.0.0..00.0.0.0..00.0.0.0...00.0.0..000.0..0.0..000.0.0.0.0.0.0.0.0.0.0.0...00.0..0.."/>
	<item key="org.eclipse.jdt.uiformatter_page.preference_scroll_position" value="0"/>
	<section name="JavaElementSearchActions">
	</section>
	<section name="BuildPathsPropertyPage">
		<item key="pageIndex" value="2"/>
	</section>
	<section name="ClasspathContainerSelectionPage">
		<item key="index" value="7"/>
	</section>
	<section name="completion_proposal_size">
	</section>
	<section name="quick_assist_proposal_size">
	</section>
	<section name="OptionalMessageDialog.hide.">
		<item key="org.eclipse.jdt.ui.typecomment.deprecated" value="true"/>
	</section>
	<section name="NewClassWizardPage">
		<item key="create_constructor" value="false"/>
		<item key="create_unimplemented" value="true"/>
	</section>
	<section name="NewClassCreationWizard.dialogBounds">
		<item key="DIALOG_X_ORIGIN" value="706"/>
		<item key="DIALOG_Y_ORIGIN" value="215"/>
		<item key="DIALOG_WIDTH" value="616"/>
		<item key="DIALOG_HEIGHT" value="697"/>
		<item key="DIALOG_FONT_NAME" value="1|맑은 고딕|9.75|0|WINDOWS|1|-13|0|0|0|400|0|0|0|0|3|2|1|50|맑은 고딕"/>
	</section>
	<section name="org.eclipse.jdt.internal.ui.packageview.PackageExplorerPart">
		<item key="group_libraries" value="true"/>
		<item key="layout" value="2"/>
		<item key="rootMode" value="1"/>
		<item key="linkWithEditor" value="false"/>
		<item key="memento" value="&lt;?xml version=&quot;1.0&quot; encoding=&quot;UTF-8&quot;?&gt;&#x0D;&#x0A;&lt;packageExplorer group_libraries=&quot;1&quot; layout=&quot;2&quot; linkWithEditor=&quot;0&quot; rootMode=&quot;1&quot; workingSetName=&quot;Aggregate for window 1741046738336&quot;&gt;&#x0D;&#x0A;&lt;customFilters userDefinedPatternsEnabled=&quot;false&quot;&gt;&#x0D;&#x0A;&lt;xmlDefinedFilters&gt;&#x0D;&#x0A;&lt;child filterId=&quot;org.eclipse.jdt.ui.PackageExplorer.StaticsFilter&quot; isEnabled=&quot;false&quot;/&gt;&#x0D;&#x0A;&lt;child filterId=&quot;org.eclipse.buildship.ui.packageexplorer.filter.gradle.buildfolder&quot; isEnabled=&quot;true&quot;/&gt;&#x0D;&#x0A;&lt;child filterId=&quot;org.eclipse.mylyn.java.ui.MembersFilter&quot; isEnabled=&quot;false&quot;/&gt;&#x0D;&#x0A;&lt;child filterId=&quot;org.eclipse.jdt.ui.PackageExplorer.NonSharedProjectsFilter&quot; isEnabled=&quot;false&quot;/&gt;&#x0D;&#x0A;&lt;child filterId=&quot;bndtools.jareditor.tempfiles.packageexplorer.filter&quot; isEnabled=&quot;true&quot;/&gt;&#x0D;&#x0A;&lt;child filterId=&quot;org.eclipse.jdt.internal.ui.PackageExplorer.EmptyInnerPackageFilter&quot; isEnabled=&quot;true&quot;/&gt;&#x0D;&#x0A;&lt;child filterId=&quot;org.eclipse.m2e.MavenModuleFilter&quot; isEnabled=&quot;false&quot;/&gt;&#x0D;&#x0A;&lt;child filterId=&quot;org.eclipse.buildship.ui.packageexplorer.filter.gradle.subProject&quot; isEnabled=&quot;true&quot;/&gt;&#x0D;&#x0A;&lt;child filterId=&quot;org.eclipse.jdt.ui.PackageExplorer.ClosedProjectsFilter&quot; isEnabled=&quot;false&quot;/&gt;&#x0D;&#x0A;&lt;child filterId=&quot;org.eclipse.jdt.ui.PackageExplorer.EmptyLibraryContainerFilter&quot; isEnabled=&quot;true&quot;/&gt;&#x0D;&#x0A;&lt;child filterId=&quot;org.eclipse.jdt.ui.PackageExplorer.PackageDeclarationFilter&quot; isEnabled=&quot;true&quot;/&gt;&#x0D;&#x0A;&lt;child filterId=&quot;org.eclipse.pde.ui.BinaryProjectFilter1&quot; isEnabled=&quot;false&quot;/&gt;&#x0D;&#x0A;&lt;child filterId=&quot;org.eclipse.jdt.ui.PackageExplorer.LocalTypesFilter&quot; isEnabled=&quot;false&quot;/&gt;&#x0D;&#x0A;&lt;child filterId=&quot;org.eclipse.pde.ui.ExternalPluginLibrariesFilter1&quot; isEnabled=&quot;true&quot;/&gt;&#x0D;&#x0A;&lt;child filterId=&quot;org.eclipse.jdt.ui.PackageExplorer.FieldsFilter&quot; isEnabled=&quot;false&quot;/&gt;&#x0D;&#x0A;&lt;child filterId=&quot;org.eclipse.jdt.ui.PackageExplorer.NonJavaProjectsFilter&quot; isEnabled=&quot;false&quot;/&gt;&#x0D;&#x0A;&lt;child filterId=&quot;org.eclipse.jdt.ui.PackageExplorer_patternFilterId_.*&quot; isEnabled=&quot;true&quot;/&gt;&#x0D;&#x0A;&lt;child filterId=&quot;org.eclipse.jdt.ui.PackageExplorer.SyntheticMembersFilter&quot; isEnabled=&quot;true&quot;/&gt;&#x0D;&#x0A;&lt;child filterId=&quot;org.eclipse.jdt.ui.PackageExplorer.ContainedLibraryFilter&quot; isEnabled=&quot;false&quot;/&gt;&#x0D;&#x0A;&lt;child filterId=&quot;org.eclipse.jdt.internal.ui.PackageExplorer.HideInnerClassFilesFilter&quot; isEnabled=&quot;true&quot;/&gt;&#x0D;&#x0A;&lt;child filterId=&quot;org.eclipse.jdt.ui.PackageExplorer.DeprecatedMembersFilter&quot; isEnabled=&quot;false&quot;/&gt;&#x0D;&#x0A;&lt;child filterId=&quot;org.eclipse.jdt.ui.PackageExplorer.ImportDeclarationFilter&quot; isEnabled=&quot;true&quot;/&gt;&#x0D;&#x0A;&lt;child filterId=&quot;org.eclipse.jdt.ui.PackageExplorer.NonJavaElementFilter&quot; isEnabled=&quot;false&quot;/&gt;&#x0D;&#x0A;&lt;child filterId=&quot;org.eclipse.jdt.ui.PackageExplorer.LibraryFilter&quot; isEnabled=&quot;false&quot;/&gt;&#x0D;&#x0A;&lt;child filterId=&quot;org.eclipse.jdt.ui.PackageExplorer.CuAndClassFileFilter&quot; isEnabled=&quot;false&quot;/&gt;&#x0D;&#x0A;&lt;child filterId=&quot;org.eclipse.jdt.internal.ui.PackageExplorer.EmptyPackageFilter&quot; isEnabled=&quot;false&quot;/&gt;&#x0D;&#x0A;&lt;child filterId=&quot;org.eclipse.jdt.ui.PackageExplorer.NonPublicFilter&quot; isEnabled=&quot;false&quot;/&gt;&#x0D;&#x0A;&lt;/xmlDefinedFilters&gt;&#x0D;&#x0A;&lt;/customFilters&gt;&#x0D;&#x0A;&lt;/packageExplorer&gt;"/>
	</section>
	<section name="JavaProjectWizard.dialogBounds">
		<item key="DIALOG_X_ORIGIN" value="0"/>
		<item key="DIALOG_Y_ORIGIN" value="0"/>
		<item key="DIALOG_WIDTH" value="744"/>
		<item key="DIALOG_HEIGHT" value="860"/>
		<item key="DIALOG_FONT_NAME" value="1|맑은 고딕|9.75|0|WINDOWS|1|-13|0|0|0|400|0|0|0|0|3|2|1|50|맑은 고딕"/>
	</section>
	<section name="NewPackageCreationWizard.dialogBounds">
		<item key="DIALOG_X_ORIGIN" value="706"/>
		<item key="DIALOG_Y_ORIGIN" value="215"/>
		<item key="DIALOG_WIDTH" value="548"/>
		<item key="DIALOG_HEIGHT" value="500"/>
		<item key="DIALOG_FONT_NAME" value="1|맑은 고딕|9.75|0|WINDOWS|1|-13|0|0|0|400|0|0|0|0|3|2|1|50|맑은 고딕"/>
	</section>
	<section name="NewPackageWizardPage">
		<item key="create_package_info_java" value="false"/>
	</section>
	<section name="org.eclipse.jdt.internal.ui.preferences.EditTemplateDialog_dialogBounds">
		<item key="DIALOG_X_ORIGIN" value="-92"/>
		<item key="DIALOG_Y_ORIGIN" value="0"/>
		<item key="DIALOG_WIDTH" value="1920"/>
		<item key="DIALOG_HEIGHT" value="1032"/>
		<item key="DIALOG_FONT_NAME" value="1|맑은 고딕|9.75|0|WINDOWS|1|-13|0|0|0|400|0|0|0|0|3|2|1|50|맑은 고딕"/>
	</section>
	<section name="RefactoringWizard.preview">
		<item key="width" value="600"/>
		<item key="height" value="400"/>
	</section>
	<section name="org.eclipse.ltk.ui.refactoring.settings">
		<item key="updateSimilarElements" value="false"/>
		<item key="updateSimilarElementsMatchStrategy" value="1"/>
		<item key="updateTextualMatches" value="false"/>
		<item key="updateQualifiedNames" value="false"/>
		<item key="patterns" value="*"/>
	</section>
</section>
