<?xml version="1.0" encoding="UTF-8" standalone="no"?>
<qualifiedTypeNameHistroy>
    <fullyQualifiedTypeName name="com.sun.jdi.connect.spi.Connection"/>
    <fullyQualifiedTypeName name="com.test.java.DBUtil"/>
    <fullyQualifiedTypeName name="java.sql.DriverManager"/>
    <fullyQualifiedTypeName name="java.sql.Statement"/>
    <fullyQualifiedTypeName name="java.util.Scanner"/>
    <fullyQualifiedTypeName name="oracle.sql.json.OracleJsonDecimal.TargetType"/>
    <fullyQualifiedTypeName name="java.sql.Connection"/>
    <fullyQualifiedTypeName name="java.sql.CallableStatement"/>
    <fullyQualifiedTypeName name="java.sql.ResultSet"/>
    <fullyQualifiedTypeName name="new new new new new new new new oracle.jdbc.proxy.oracle(){}(){}(){}(){}(){}(){}(){}(){}...Proxy"/>
    <fullyQualifiedTypeName name="oracle.jdbc.OracleType"/>
    <fullyQualifiedTypeName name="org.jsoup.Jsoup"/>
    <fullyQualifiedTypeName name="java.beans.BeanProperty"/>
    <fullyQualifiedTypeName name="org.jsoup.nodes.Document"/>
    <fullyQualifiedTypeName name="org.jsoup.select.Elements"/>
    <fullyQualifiedTypeName name="org.jsoup.nodes.Element"/>
    <fullyQualifiedTypeName name="org.openqa.selenium.WebDriver"/>
    <fullyQualifiedTypeName name="org.openqa.selenium.chrome.ChromeDriver"/>
    <fullyQualifiedTypeName name="org.openqa.selenium.By"/>
    <fullyQualifiedTypeName name="org.openqa.selenium.WebElement"/>
    <fullyQualifiedTypeName name="java.util.List"/>
    <fullyQualifiedTypeName name="org.openqa.selenium.chrome.ChromeOptions"/>
    <fullyQualifiedTypeName name="javax.servlet.http.HttpServletRequest"/>
    <fullyQualifiedTypeName name="javax.servlet.http.HttpServletResponse"/>
    <fullyQualifiedTypeName name="javax.servlet.ServletException"/>
    <fullyQualifiedTypeName name="java.io.IOException"/>
    <fullyQualifiedTypeName name="java.lang.Override"/>
    <fullyQualifiedTypeName name="javax.servlet.jsp.PageContext"/>
    <fullyQualifiedTypeName name="javax.servlet.http.HttpServlet"/>
</qualifiedTypeNameHistroy>
