<?xml version="1.0" encoding="UTF-8"?>
<section name="Workbench">
	<section name="ImportExportAction">
		<item key="ImportExportPage.STORE_SELECTED_IMPORT_WIZARD_ID" value="org.eclipse.ui.wizards.import.ExternalProject"/>
		<list key="ImportExportPage.STORE_EXPANDED_IMPORT_CATEGORIES">
			<item value="org.eclipse.ui.Basic"/>
		</list>
		<section name="ImportExportWizard.dialogBounds">
		</section>
	</section>
	<section name="WorkbenchPreferenceDialog.dialogBounds">
		<item key="DIALOG_X_ORIGIN" value="651"/>
		<item key="DIALOG_Y_ORIGIN" value="154"/>
		<item key="DIALOG_WIDTH" value="635"/>
		<item key="DIALOG_HEIGHT" value="556"/>
		<item key="DIALOG_FONT_NAME" value="1|맑은 고딕|9.0|0|WINDOWS|1|-12|0|0|0|400|0|0|0|1|0|0|0|0|맑은 고딕"/>
	</section>
</section>
